{
    "version": 1,
    "MIRA220":
    {
        "ian":
        {
            "luma":
            {
                "ae":
                {
                    "weight":
                    [
                        1, 1, 1, 1, 1,
                        1, 1, 1, 1, 1,
                        1, 1, 1, 1, 1,
                        1, 1, 1, 1, 1,
                        1, 1, 1, 1, 1
                    ]
                },
                "env":
                {
                    "k": 250000,
                    "speed_param":
                    [
                        -0.005463, -0.010018, 0.000000, 0.033241, 0.085583, 0.136704,  0.160734,  0.148777,
                        0.148777,  0.160734, 0.136704, 0.085583, 0.033241, 0.000000, -0.010018, -0.005463
                    ],
                    "weight":
                    [
                        1, 1, 1, 1, 1,
                        1, 1, 1, 1, 1,
                        1, 1, 1, 1, 1,
                        1, 1, 1, 1, 1,
                        1, 1, 1, 1, 1
                    ]
                }
            }
        },
        "agc":
        {
            "exposure":
            {
                "frame_delay": 3,
                "adjust_delay": 0
            },
            "gain":
            {
                "min_step": 0.03,
                "frame_delay": 3
            },
            "anti_flicker":
            {
                "mode": "none",
                "ac_freq": 50
            },
            "f_n0": 0.32,
            "f_m0": 0.42,
            "luma_adjust":
            {
                "target_low": 73,
                "target_high": 90,
                "target": 82,
                "low_threshold": 13,
                "low_regions": 5,
                "high_threshold": 237,
                "high_regions": 4,
                "weight":
                [
                    1, 1, 1, 1, 1,
                    1, 1, 1, 1, 1,
                    1, 1, 2, 1, 1,
                    1, 1, 1, 1, 1,
                    1, 1, 1, 1, 1
                ]
            },
            "mode": "high_light_priority",
            "high_light_priority":
            {
                "low_threshold": 159,
                "high_threshold": 239,
                "weight_offset": 2,
                "luma_offset": -2
            },
            "low_light_priority":
            {
                "low_threshold": 49,
                "high_threshold": 64,
                "weight_offset": 5,
                "luma_offset": 1
            },
            "light_threshold_priority":
            [
                {
                    "luma_threshold": 20,
                    "weight_offset": 1
                },
                {
                    "luma_threshold": 55,
                    "weight_offset": 2
                },
                {
                    "luma_threshold": 95,
                    "weight_offset": 3
                },
                {
                    "luma_threshold": 155,
                    "weight_offset": 4
                },
                {
                    "luma_threshold": 235,
                    "weight_offset": 5
                }
            ]
        },
        "acc":
        {
            "blc":
            {
                "model": 0,
                "stretch": false,
                "blc_table":
                [
                    {
                        "gain": 1,
                        "blc_param": {
                            "blc_top_left": 13,
                            "blc_top_right": 13,
                            "blc_bottom_left": 13,
                            "blc_bottom_right": 13
                        }
                    }
                ]
            },
            "saturation":
            [
                {
                    "color_temp": 0,
                    "value": 0
                }
            ],
            "ccm":
            {
                "low_luma":
                {
                    "luma_env": "ae.luma.avg",
                    "threshold": 28,
                    "matrix":
                    [
                        1.00,  0.00, 0.00,
                        0.00,    1.00,  0.00,
                        0.00,  0.00,  1.00
                    ]
                },
                "table":
                [
                    {
                        "color_temp": 0,
                        "matrix":
                        [
                            1.65,  0.00, 0.00,
                            0.00,    1.65,  0.00,
                            0.00,  0.00,  1.65
                        ]
                    }
                ]
            }
        },
        "adn": {
            "bf":
            [
                {
                    "gain": 2,
                    "param": {
                        "level": 3,
                        "matrix":
                        [
                            2, 4, 2,
                            4, 5, 4,
                            2, 4, 2
                        ]
                    }
                },
                {
                    "gain": 4,
                    "param": {
                        "level": 4,
                        "matrix":
                        [
                            1, 3, 1,
                            3, 4, 3,
                            1, 3, 1
                        ]
                    }
                },
                {
                    "gain": 8,
                    "param": {
                        "level": 5,
                        "matrix":
                        [
                            2, 3, 2,
                            3, 4, 3,
                            2, 3, 2
                        ]
                    }
                }
            ],
            "demosaic":
            [
                {
                    "gain": 1,
                    "gradient_ratio": 1.0
                }
            ]
        },
        "aen":
        {
            "gamma":
            {
                "use_gamma_param": false,
                "luma_env": "env.luma.avg",
                "luma_min_step": 3.0,
                "table":
                [
                    {
                        "luma": 43,
                        "gamma_param": 1.0,
                        "y": 
                        [
                            50, 78, 88, 103, 115, 123, 133, 148, 162, 176, 190, 204, 217, 230, 242, 255
                        ]
                    },
                    {
                        "luma": 480,
                        "gamma_param": 1.0,
                        "y": 
                        [
                            39, 63, 80, 94, 102, 118, 133, 148, 162, 176, 190, 204, 217, 230, 246, 255
                        ]
                    },
                    {
                        "luma": 6170,
                        "gamma_param": 1.0,
                        "y": 
                        [
                            31, 49, 68, 86, 102, 118, 133, 148, 162, 176, 190, 204, 217, 230, 248, 255
                        ]
                    }
                ]
            },
            "sharpen":
            [
                {
                    "gain": 2,
                    "param": {
                        "h_thresh": 8,
                        "l_thresh": 3,
                        "h_coeff": 1.7,
                        "m_coeff": 1.5,
                        "matrix":
                        [
                            1, 1, 1,
                            1, 1, 1,
                            1, 1, 1
                        ]
                    }
                },
                {
                    "gain": 4,
                    "param": {
                        "h_thresh": 9,
                        "l_thresh": 3,
                        "h_coeff": 1.6,
                        "m_coeff": 1.4,