{
    "version": 1,
    "OV9281":
    {
        "ian":
        {
            "luma":
            {
                "ae":
                {
                    "weight":
                    [
                        1, 1, 1, 1, 1,
                        1, 1, 1, 1, 1,
                        1, 1, 1, 1, 1,
                        1, 1, 1, 1, 1,
                        1, 1, 1, 1, 1
                    ]
                },
                "env":
                {
                    "k": 250000,
                    "speed_param":
                    [
                        -0.005463, -0.010018, 0.000000, 0.033241, 0.085583, 0.136704,  0.160734,  0.148777,
                        0.148777,  0.160734, 0.136704, 0.085583, 0.033241, 0.000000, -0.010018, -0.005463
                    ],
                    "weight":
                    [
                        1, 1, 1, 1, 1,
                        1, 1, 1, 1, 1,
                        1, 1, 1, 1, 1,
                        1, 1, 1, 1, 1,
                        1, 1, 1, 1, 1
                    ]
                }
            }
        },
        "agc":
        {
            "exposure":
            {
                "frame_delay": 3,
                "adjust_delay": 1
            },
            "gain":
            {
                "min_step": 0.03,
                "frame_delay": 3
            },
            "anti_flicker":
            {
                "mode": "none",
                "ac_freq": 50
            },
            "f_n0": 0.32,
            "f_m0": 0.42,
            "luma_adjust":
            {
                "target_low": 39,
                "target_high": 45,
                "target": 41,
                "low_threshold": 16,
                "low_regions": 8,
                "high_threshold": 216,
                "high_regions": 4,
                "weight":
                [
                    1, 1, 2, 1, 1,
                    1, 2, 3, 2, 1,
                    1, 3, 3, 3, 1,
                    1, 2, 3, 2, 1,
                    1, 1, 2, 1, 1
                ]
            },
            "mode": "high_light_priority",
            "high_light_priority":
            {
                "low_threshold": 129,
                "high_threshold": 202,
                "weight_offset": 2,
                "luma_offset": -1
            },
            "low_light_priority":
            {
                "low_threshold": 15,
                "high_threshold": 19,
                "weight_offset": 1,
                "luma_offset": 1
            },
            "light_threshold_priority":
            [
                {
                    "luma_threshold": 20,
                    "weight_offset": 1
                },
                {
                    "luma_threshold": 55,
                    "weight_offset": 2
                },
                {
                    "luma_threshold": 95,
                    "weight_offset": 3
                },
                {
                    "luma_threshold": 155,
                    "weight_offset": 4
                },
                {
                    "luma_threshold": 235,
                    "weight_offset": 5
                }
            ]
        },
        "acc":
        {
            "saturation":
            [
                {
                    "color_temp": 0,
                    "value": 0
                }
            ],
            "ccm":
            {
                "low_luma":
                {
                    "luma_env": "ae.luma.avg",
                    "threshold": 28,
                    "matrix":
                    [
                        1.00,  0.00, 0.00,
                        0.00,    1.00,  0.00,
                        0.00,  0.00,  1.00
                    ]
                },
                "table":
                [
                    {
                        "color_temp": 0,
                        "matrix":
                        [
                            1.00,  0.00, 0.00,
                            0.00,    1.00,  0.00,
                            0.00,  0.00,  1.00
                        ]
                    }
                ]
            }
        },
        "adn": {
            "bf":
            [
                {
                    "gain": 1,
                    "param": {
                        "level": 3,
                        "matrix":
                        [
                            2, 4, 2,
                            4, 5, 4,
                            2, 4, 2
                        ]
                    }
                },
                {
                    "gain": 4,
                    "param": {
                        "level": 3,
                        "matrix":
                        [
                            2, 3, 2,
                            3, 4, 3,
                            2, 3, 2
                        ]
                    }
                },
                {
                    "gain": 8,
                    "param": {
                        "level": 4,
                        "matrix":
                        [
                            1, 3, 1,
                            3, 4, 3,
                            1, 3, 1
                        ]
                    }
                },
                {
                    "gain": 16,
                    "param": {
                        "level": 5,
                        "matrix":
                        [
                            1, 3, 1,
                            3, 5, 3,
                            1, 3, 1
                        ]
                    }
                },
                {
                    "gain": 24,
                    "param": {
                        "level": 6,
                        "matrix":
                        [
                            1, 2, 1,
                            2, 3, 2,
                            1, 2, 1
                        ]
                    }
                }
            ],
            "demosaic":
            [
                {
                    "gain": 1,
                    "gradient_ratio": 1.0
                }
            ]
        },
        "aen":
        {
            "gamma":
            {
                "use_gamma_param": true,
                "luma_env": "env.luma.avg",
                "luma_min_step": 16.0,
                "table":
                [
                    {
                        "luma": 36.1,
                        "gamma_param": 0.558
                    },
                    {
                        "luma": 198,
                        "gamma_param": 0.615
                    },
                    {
                        "luma": 490,
                        "gamma_param": 0.705
                    }
                ]
            },    
            "sharpen":
            [
                {
                    "gain": 1,
                    "param": {
                        "h_thresh": 22,
                        "l_thresh": 5,
                        "h_coeff": 1.725,
                        "m_coeff": 1.625,
                        "matrix":
                        [
                            1, 1, 1,
                            1, 1, 1,
                            1, 1, 1
                        ]
                    }
                },
                {
                    "gain": 8,
                    "param": {
                        "h_thresh": 20,
                        "l_thresh": 5,
                        "h_coeff": 1.525,
                        "m_coeff": 1.425,
                        "matrix":
                        [
                            2, 2, 2,
                            2, 1, 2,
                            2, 2, 2
                        ]
                    }
                },
                {
                    "gain": 12,
                    "param": {
                        "h_thresh": 16,
                        "l_thresh": 6,